Happiness,Dog
242.8226,No Dog
93.22504,No Dog
51.97948,No Dog
15.59594,No Dog
323.5026,No Dog
19.37747,No Dog
44.90223,No Dog
373.1338,No Dog
23.8867,No Dog
14.20329,No Dog
99.35635,No Dog
17.96942,No Dog
17.53979,No Dog
57.01658,No Dog
308.5084,No Dog
0.031995,No Dog
235.7549,No Dog
1.79181,No Dog
189.1026,No Dog
67.41545,No Dog
88.55471,No Dog
331.2446,No Dog
273.5207,No Dog
46.14528,No Dog
20.91127,No Dog
242.8772,No Dog
102.3029,No Dog
6.108844,No Dog
757.3692,No Dog
16.68128,No Dog
452.421,No Dog
1.561757,No Dog
55.94044,No Dog
351.2355,No Dog
52.65292,No Dog
27.11227,No Dog
2.222471,No Dog
23.42874,No Dog
163.6601,No Dog
188.0659,No Dog
279.2997,No Dog
31.66587,No Dog
118.5154,No Dog
276.9901,No Dog
238.6204,No Dog
310.6332,No Dog
26.70845,No Dog
108.6143,No Dog
1.4098,No Dog
14.49385,No Dog
12.79801,No Dog
8.680662,No Dog
46.71505,No Dog
31.54036,No Dog
19.81372,No Dog
11.93665,No Dog
132.3526,No Dog
87.93669,No Dog
15.61852,No Dog
4.934926,No Dog
80.70898,No Dog
4.156332,No Dog
15.63767,No Dog
16.27455,No Dog
29.70624,No Dog
159.1124,No Dog
184.7195,No Dog
147.1723,No Dog
29.75346,No Dog
35.11839,No Dog
546.9351,No Dog
52.97715,No Dog
19.44046,No Dog
36.77283,No Dog
32.85904,No Dog
28.19942,No Dog
5.057186,No Dog
0.6974772,No Dog
534.6713,No Dog
127.8275,No Dog
1.300596,No Dog
99.03825,No Dog
83.14703,No Dog
3.364112,No Dog
13.76693,No Dog
15.51062,No Dog
46.69778,No Dog
26.33489,No Dog
254.953,No Dog
135.5645,No Dog
68.50706,No Dog
72.44847,No Dog
273.8732,No Dog
41.06526,No Dog
2.389331,No Dog
48.07698,No Dog
83.30079,No Dog
11.43301,No Dog
19.05799,No Dog
26.4607,No Dog
1.024669,No Dog
354.7188,No Dog
33.48272,No Dog
151.8612,No Dog
79.879,No Dog
2.59898,No Dog
40.90634,No Dog
273.9076,No Dog
416.827,No Dog
75.28203,No Dog
294.3837,No Dog
56.87274,No Dog
253.8755,No Dog
158.7478,No Dog
54.90995,No Dog
38.54679,No Dog
19.48791,No Dog
79.75232,No Dog
25.65395,No Dog
29.59717,No Dog
272.7308,No Dog
55.13156,No Dog
33.61108,No Dog
146.9983,No Dog
32.16843,No Dog
23.36134,No Dog
31.52524,No Dog
182.4106,No Dog
49.89009,No Dog
0.2510095,No Dog
17.21879,No Dog
26.20014,No Dog
3.440673,No Dog
5.040402,No Dog
281.8733,No Dog
15.12598,No Dog
158.4195,No Dog
392.4724,No Dog
7.192914,No Dog
263.0814,No Dog
67.9504,No Dog
106.2379,No Dog
82.28088,No Dog
433.9705,No Dog
3.806505,No Dog
26.74205,No Dog
158.4654,No Dog
30.19126,No Dog
134.0908,No Dog
86.89978,No Dog
18.30871,No Dog
522.8373,No Dog
308.6266,No Dog
102.902,No Dog
39.52144,No Dog
23.18825,No Dog
26.94022,No Dog
7.993292,No Dog
274.2111,No Dog
38.84441,No Dog
9.596867,No Dog
2.339434,No Dog
72.12384,No Dog
96.11182,No Dog
9.82187,No Dog
269.7673,No Dog
66.51957,No Dog
10.73999,No Dog
5.858764,No Dog
49.96159,No Dog
0.6270012,No Dog
51.01653,No Dog
34.77109,No Dog
30.80697,No Dog
47.6146,No Dog
22.27891,No Dog
247.1887,No Dog
186.6619,No Dog
181.7819,No Dog
29.34555,No Dog
183.0009,No Dog
67.43179,No Dog
320.1363,No Dog
140.7829,No Dog
36.14673,No Dog
1.510963,No Dog
219.3326,No Dog
26.44553,No Dog
14.4606,No Dog
131.6208,No Dog
28.26905,No Dog
25.46513,No Dog
0.02372806,No Dog
165.0927,No Dog
230.5204,No Dog
215.8851,No Dog
1.755372,No Dog
21.24584,No Dog
127.3568,No Dog
102.8777,No Dog
5.116093,No Dog
15.61462,No Dog
89.10276,No Dog
5.960149,No Dog
39.18836,No Dog
48.97906,No Dog
144.9188,No Dog
24.73589,No Dog
91.0438,No Dog
221.5504,No Dog
10.83272,No Dog
109.3901,No Dog
460.4803,No Dog
207.2205,No Dog
34.08344,No Dog
88.0921,No Dog
42.52672,No Dog
12.96643,No Dog
62.5716,No Dog
31.46869,No Dog
16.95554,No Dog
12.3461,No Dog
15.32464,No Dog
22.58094,No Dog
19.19965,No Dog
240.7893,No Dog
91.58232,No Dog
5.362359,No Dog
38.52272,No Dog
36.90023,No Dog
4.981627,No Dog
126.0431,No Dog
203.4699,No Dog
57.12995,No Dog
172.5127,No Dog
227.2359,No Dog
6.065509,No Dog
6.758539,No Dog
103.4285,No Dog
45.43584,No Dog
171.6218,No Dog
330.9611,No Dog
28.36034,No Dog
132.7387,No Dog
70.56256,No Dog
4.737931,No Dog
93.201,No Dog
112.95,No Dog
10.36942,No Dog
23.08339,No Dog
112.7832,No Dog
19.81536,No Dog
20.6964,No Dog
66.92425,No Dog
12.04717,No Dog
29.02779,No Dog
204.923,No Dog
12.08247,No Dog
227.2638,No Dog
256.0302,No Dog
9.046428,No Dog
47.05544,No Dog
41.76623,No Dog
24.5227,No Dog
3.107596,No Dog
37.98653,No Dog
26.58713,No Dog
28.82991,No Dog
3.419333,No Dog
24.34817,No Dog
2.371857,No Dog
107.9353,No Dog
91.45447,No Dog
213.7239,No Dog
52.97622,No Dog
52.02943,No Dog
2.852475,No Dog
148.237,No Dog
4.485292,No Dog
168.0824,No Dog
95.8457,No Dog
2.216802,No Dog
228.3894,No Dog
156.6682,No Dog
196.8637,No Dog
31.27024,No Dog
405.0015,No Dog
3.595949,No Dog
494.8983,No Dog
46.70569,No Dog
70.05976,No Dog
9.137538,No Dog
87.55574,No Dog
44.07441,No Dog
8.414814,No Dog
191.2796,No Dog
24.13671,No Dog
12.84699,No Dog
23.48292,No Dog
29.03972,No Dog
73.14274,No Dog
63.32593,No Dog
294.5151,No Dog
38.20835,No Dog
15.45645,No Dog
196.9154,No Dog
6.228331,No Dog
8.581878,No Dog
11.12014,No Dog
2.802362,No Dog
15.85528,No Dog
199.3131,No Dog
58.95208,No Dog
16.18974,No Dog
74.77625,No Dog
106.0997,No Dog
30.80094,No Dog
65.47556,No Dog
55.41011,No Dog
239.5465,No Dog
0.0760462,No Dog
371.8627,No Dog
92.71251,No Dog
15.92669,No Dog
144.5812,No Dog
85.52683,No Dog
250.0924,No Dog
42.85347,No Dog
44.27246,No Dog
94.00462,No Dog
146.3676,No Dog
22.95847,No Dog
209.8525,No Dog
609.2168,No Dog
71.92205,No Dog
37.88533,No Dog
23.41284,No Dog
9.083953,No Dog
53.98791,No Dog
44.4073,No Dog
179.6431,No Dog
50.0095,No Dog
98.59253,No Dog
47.90967,No Dog
11.33201,No Dog
641.9146,No Dog
13.17589,No Dog
105.6305,No Dog
2.186674,No Dog
3.965206,No Dog
87.35123,No Dog
79.00911,No Dog
139.9506,No Dog
117.4573,No Dog
22.13644,No Dog
11.46009,No Dog
75.27766,No Dog
31.87502,No Dog
199.6184,No Dog
218.2557,No Dog
16.26249,No Dog
71.69522,No Dog
36.82429,No Dog
229.7454,No Dog
0.5990322,No Dog
22.41972,No Dog
218.6281,No Dog
30.7543,No Dog
208.0086,No Dog
134.2869,No Dog
117.121,No Dog
24.42638,No Dog
134.3536,No Dog
291.1147,No Dog
44.38231,No Dog
5.435833,No Dog
36.147,No Dog
67.86735,No Dog
292.6266,No Dog
145.671,No Dog
0.3728586,No Dog
8.654801,No Dog
118.6984,No Dog
138.9038,No Dog
90.40032,No Dog
213.5586,No Dog
5.981346,No Dog
259.0918,No Dog
95.55814,No Dog
1153.782,No Dog
96.92784,No Dog
47.92343,No Dog
96.148,No Dog
167.6965,No Dog
2.355082,No Dog
27.08483,No Dog
72.42041,No Dog
0.7789014,No Dog
49.49888,No Dog
295.602,No Dog
27.96001,No Dog
12.87076,No Dog
17.33733,No Dog
4.717161,No Dog
122.3918,No Dog
41.89341,No Dog
18.65555,No Dog
38.24639,No Dog
87.59245,No Dog
198.8104,No Dog
123.6349,No Dog
6.815787,No Dog
6.64342,No Dog
7.394783,No Dog
141.8039,No Dog
36.83474,No Dog
64.52831,No Dog
121.5896,No Dog
137.4864,No Dog
205.872,No Dog
69.38087,No Dog
97.46447,No Dog
71.28445,No Dog
150.8224,No Dog
261.5017,No Dog
25.1341,No Dog
5.141889,No Dog
9.629165,No Dog
31.47183,No Dog
94.0743,No Dog
526.8105,No Dog
193.7189,No Dog
237.565,No Dog
63.83218,No Dog
18.61413,No Dog
117.7566,No Dog
108.0359,No Dog
382.6128,No Dog
31.05661,No Dog
192.2697,No Dog
128.0053,No Dog
140.2189,No Dog
4.29273,No Dog
43.99119,No Dog
1.553119,No Dog
2.020382,No Dog
121.4706,No Dog
249.8641,No Dog
16.44483,No Dog
421.4012,No Dog
297.5548,No Dog
153.3016,No Dog
190.5209,No Dog
50.92157,No Dog
234.059,No Dog
21.03849,No Dog
187.0317,No Dog
12.83574,No Dog
406.0477,No Dog
4.352138,No Dog
130.5021,No Dog
201.5254,No Dog
320.309,No Dog
55.76746,No Dog
42.06734,No Dog
11.80894,No Dog
1.37568,No Dog
135.2343,No Dog
180.4674,No Dog
348.0238,No Dog
12.40804,No Dog
8.538116,No Dog
7.4153,No Dog
396.4852,No Dog
31.49534,No Dog
211.5117,No Dog
12.96736,No Dog
2.070374,No Dog
278.9754,No Dog
397.6388,No Dog
91.06433,No Dog
84.87566,No Dog
263.8095,No Dog
182.5299,No Dog
5.888626,No Dog
6.183849,No Dog
145.8215,No Dog
4.235351,No Dog
17.60319,No Dog
101.3676,No Dog
24.65023,No Dog
235.7522,No Dog
92.4785,No Dog
0.6016007,No Dog
34.27296,No Dog
81.03791,No Dog
72.68188,No Dog
24.76588,No Dog
8.603265,No Dog
37.16741,No Dog
12.28113,No Dog
14.18714,No Dog
434.8591,No Dog
424.2116,No Dog
96.2798,No Dog
96.09029,No Dog
289.1052,No Dog
67.73735,No Dog
103.2099,No Dog
19.19382,No Dog
127.757,No Dog
20.66109,No Dog
38.00467,No Dog
227.6998,No Dog
1.401423,No Dog
401.8008,No Dog
71.66164,No Dog
35.94996,No Dog
11.02758,No Dog
388.6494,No Dog
42.1486,No Dog
26.0445,No Dog
147.929,No Dog
742.9548,No Dog
149.4551,No Dog
17.62255,No Dog
3.978901,No Dog
78.21841,No Dog
132.9139,No Dog
469.8113,No Dog
263.7831,No Dog
68.7401,No Dog
16.16957,No Dog
82.1898,No Dog
13.36143,No Dog
11.28978,No Dog
13.974,No Dog
56.34067,No Dog
1.936373,No Dog
172.1116,No Dog
296.8581,No Dog
103.3102,No Dog
33.11597,No Dog
701.9665,No Dog
28.89796,No Dog
117.0629,No Dog
28.37903,No Dog
25.61688,No Dog
9.757621,No Dog
160.0573,No Dog
89.4343,No Dog
14.04052,No Dog
171.431,No Dog
48.3443,No Dog
220.001,No Dog
171.8321,No Dog
54.99299,No Dog
301.7411,No Dog
82.97426,No Dog
375.5728,No Dog
562.7886,No Dog
192.587,No Dog
18.54849,No Dog
101.0675,No Dog
3.83578,No Dog
74.72243,No Dog
47.70134,No Dog
3.357615,No Dog
56.55077,No Dog
71.94375,No Dog
34.74516,No Dog
14.89969,No Dog
10.08324,No Dog
0.1974452,No Dog
373.5741,No Dog
66.1816,No Dog
123.1844,No Dog
179.7023,No Dog
27.62437,No Dog
225.578,No Dog
9.324004,No Dog
55.45854,No Dog
12.95807,No Dog
0.0495446,No Dog
0.5096098,No Dog
77.11831,No Dog
5.053602,No Dog
102.7755,No Dog
436.4825,No Dog
120.5438,No Dog
114.7779,No Dog
24.38189,No Dog
623.2232,No Dog
172.7344,No Dog
49.54164,No Dog
275.7739,No Dog
89.23766,No Dog
20.94806,No Dog
42.80891,No Dog
143.4422,No Dog
1.661446,No Dog
111.7806,No Dog
121.1516,No Dog
19.5996,No Dog
79.97064,No Dog
78.31239,No Dog
15.53901,No Dog
140.7482,No Dog
52.94854,No Dog
0.5075685,No Dog
15.99217,No Dog
143.7115,No Dog
0.7621205,No Dog
102.656,No Dog
7.008622,No Dog
431.1919,No Dog
75.91974,No Dog
29.0456,No Dog
299.3679,No Dog
115.7029,No Dog
284.771,No Dog
37.17119,No Dog
18.07386,No Dog
16.70934,No Dog
98.76425,No Dog
151.9189,No Dog
5.601664,No Dog
11.34177,No Dog
7.325002,No Dog
26.02496,No Dog
333.4133,No Dog
2.11019,No Dog
421.563,No Dog
44.9442,No Dog
124.8413,No Dog
174.2565,No Dog
239.5517,No Dog
20.6027,No Dog
12.22819,No Dog
99.28647,No Dog
132.0829,No Dog
100.2805,No Dog
29.20724,No Dog
15.27773,No Dog
423.4235,No Dog
2.136021,No Dog
12.55177,No Dog
111.7374,No Dog
148.9647,No Dog
560.3048,No Dog
13.40858,No Dog
134.6234,No Dog
71.45548,No Dog
309.6663,No Dog
0.4488385,No Dog
8.78186,No Dog
16.23375,No Dog
0.8397075,No Dog
71.60254,No Dog
14.78986,No Dog
21.67374,No Dog
41.85308,No Dog
70.66633,No Dog
27.24899,No Dog
684.5378,No Dog
1.879492,No Dog
46.10429,No Dog
52.17883,No Dog
183.2084,No Dog
77.17808,No Dog
210.3547,No Dog
150.5114,No Dog
228.9723,No Dog
510.9513,No Dog
5.834686,No Dog
25.74261,No Dog
657.0352,No Dog
40.62194,No Dog
82.54366,No Dog
109.692,No Dog
22.74226,No Dog
29.7125,No Dog
272.2629,No Dog
454.5701,No Dog
854.2677,No Dog
53.75675,No Dog
28.44808,No Dog
24.04878,No Dog
197.0119,No Dog
1.501024,No Dog
86.7542,No Dog
11.29451,No Dog
10.68808,No Dog
121.0254,No Dog
1.78811,No Dog
31.91017,No Dog
0.26047,No Dog
3.214575,No Dog
33.73789,No Dog
140.2229,No Dog
4.241107,No Dog
72.96882,No Dog
699.8782,No Dog
377.0404,No Dog
31.71197,No Dog
62.53437,No Dog
29.3247,No Dog
184.8226,No Dog
345.414,No Dog
173.7996,No Dog
311.5897,No Dog
5.470344,No Dog
32.27285,No Dog
12.23538,No Dog
132.9664,No Dog
20.95104,No Dog
169.6999,No Dog
9.568623,No Dog
524.1969,No Dog
50.09287,No Dog
35.07389,No Dog
73.77309,No Dog
8.987472,No Dog
0.8795979,No Dog
8.268671,No Dog
13.41836,No Dog
60.19174,No Dog
116.2417,No Dog
119.0102,No Dog
161.9681,No Dog
31.6449,No Dog
4.518436,No Dog
467.4925,No Dog
7.088406,No Dog
62.64256,No Dog
51.52247,No Dog
0.4810999,No Dog
7.896713,No Dog
57.50942,No Dog
20.4138,No Dog
124.6531,No Dog
28.98601,No Dog
61.84578,No Dog
466.4611,No Dog
88.85086,No Dog
245.2543,No Dog
3.10358,No Dog
4.475868,No Dog
455.9488,No Dog
162.1067,No Dog
19.02388,No Dog
112.0198,No Dog
101.2327,No Dog
53.96396,No Dog
12.3418,No Dog
19.46877,No Dog
38.97939,No Dog
21.57834,No Dog
61.75683,No Dog
184.1801,No Dog
56.90418,No Dog
3.05666,No Dog
16.6079,No Dog
63.11164,No Dog
73.79841,No Dog
92.92823,No Dog
454.3534,No Dog
20.22597,No Dog
62.31935,No Dog
124.9697,No Dog
63.79889,No Dog
48.39279,No Dog
162.1337,No Dog
5.320985,No Dog
2.182318,No Dog
96.3763,No Dog
14.1385,No Dog
266.3412,No Dog
1.978436,No Dog
189.8832,No Dog
20.74391,No Dog
49.55972,No Dog
8.138846,No Dog
15.66241,No Dog
340.782,No Dog
36.94726,No Dog
70.74446,No Dog
33.61577,No Dog
59.96427,No Dog
104.2691,No Dog
430.2186,No Dog
146.4915,No Dog
32.05592,No Dog
8.757201,No Dog
8.282045,No Dog
107.6006,No Dog
260.0985,No Dog
2.248923,No Dog
75.08687,No Dog
24.40609,No Dog
80.63218,No Dog
6.197242,No Dog
28.32139,No Dog
120.8949,No Dog
64.16238,No Dog
2.183582,No Dog
143.2647,No Dog
145.4187,No Dog
25.20002,No Dog
138.6117,No Dog
26.73847,No Dog
1.315504,No Dog
208.6306,No Dog
177.4803,No Dog
42.28127,No Dog
91.26764,No Dog
49.6584,No Dog
56.73235,No Dog
148.2437,No Dog
164.9362,No Dog
44.598,No Dog
23.69056,No Dog
26.72539,No Dog
436.2468,No Dog
340.3924,No Dog
287.8148,No Dog
55.42561,No Dog
23.185,No Dog
50.84808,No Dog
176.6752,No Dog
80.43878,No Dog
4.894844,No Dog
61.81048,No Dog
73.62879,No Dog
4.50194,No Dog
111.8616,No Dog
68.36252,No Dog
167.878,No Dog
16.58427,No Dog
36.95128,No Dog
50.61197,No Dog
275.4554,No Dog
138.4165,No Dog
59.29241,No Dog
134.703,No Dog
55.71797,No Dog
352.0421,No Dog
83.09259,No Dog
30.70817,No Dog
112.9267,No Dog
32.49354,No Dog
49.26301,No Dog
188.9719,No Dog
88.57431,No Dog
2.108669,No Dog
111.1495,No Dog
217.3704,No Dog
138.8255,No Dog
2.624426,No Dog
440.0242,No Dog
275.313,No Dog
0.408525,No Dog
18.31538,No Dog
70.2981,No Dog
88.47341,No Dog
3.25967,No Dog
79.55965,No Dog
17.14707,No Dog
70.79548,No Dog
84.28827,No Dog
38.2522,No Dog
14.84964,No Dog
148.54,No Dog
62.61869,No Dog
45.79109,No Dog
45.70947,No Dog
48.53755,No Dog
2.857638,No Dog
17.00136,No Dog
4.42069,No Dog
40.4372,No Dog
214.7051,No Dog
72.5325,No Dog
87.37611,No Dog
11.10902,No Dog
37.68228,No Dog
135.5092,No Dog
230.7597,No Dog
117.3906,No Dog
11.44588,No Dog
272.3769,No Dog
3.314206,No Dog
37.70816,No Dog
137.8301,No Dog
8.879744,No Dog
0.6606078,No Dog
102.6761,No Dog
230.0302,No Dog
9.748689,No Dog
299.8994,No Dog
56.47333,No Dog
4.729675,No Dog
84.24747,No Dog
78.12517,No Dog
71.60143,No Dog
5.180594,No Dog
352.5316,No Dog
252.6557,No Dog
28.36507,No Dog
24.04989,No Dog
22.64876,No Dog
7.305514,No Dog
37.01656,No Dog
17.56972,No Dog
212.5791,No Dog
3.96583,No Dog
23.36676,No Dog
26.6717,No Dog
218.7323,No Dog
149.6809,No Dog
45.31127,No Dog
48.94007,No Dog
159.5293,No Dog
18.50648,No Dog
238.9986,No Dog
31.64562,No Dog
241.9295,No Dog
19.06437,No Dog
1.15235,No Dog
5.710336,No Dog
5.740354,No Dog
93.75885,No Dog
253.2152,No Dog
40.05723,No Dog
6.348983,No Dog
2.858104,No Dog
170.5991,No Dog
12.06241,No Dog
31.3229,No Dog
28.48377,No Dog
40.89585,No Dog
47.97298,No Dog
48.65713,No Dog
75.98866,No Dog
256.5553,No Dog
69.16945,No Dog
150.8684,No Dog
183.7968,No Dog
37.30718,No Dog
211.91,No Dog
448.5803,No Dog
108.6908,No Dog
51.15814,No Dog
13.63907,No Dog
5.492368,No Dog
137.035,No Dog
110.1586,No Dog
253.5058,No Dog
114.0599,No Dog
164.162,No Dog
52.06474,No Dog
26.73446,No Dog
197.4451,No Dog
2.617154,No Dog
12.5772,No Dog
6.75604,No Dog
0.1192335,No Dog
5.280587,No Dog
21.82723,No Dog
424.2095,No Dog
49.39357,No Dog
34.72698,No Dog
294.9063,No Dog
18.26713,No Dog
77.70176,No Dog
97.57125,No Dog
10.77172,No Dog
145.7063,No Dog
303.0602,No Dog
105.4688,No Dog
103.9454,No Dog
134.2612,No Dog
21.6635,No Dog
76.80267,No Dog
157.9822,No Dog
76.46531,No Dog
9.165515,No Dog
19.94696,No Dog
0.6055071,No Dog
26.55935,No Dog
477.644,No Dog
13.71287,No Dog
71.41373,No Dog
121.3726,No Dog
55.97835,No Dog
5.941275,No Dog
0.8030584,No Dog
0.0670923,No Dog
6.328986,No Dog
480.8642,No Dog
45.98503,No Dog
107.0532,No Dog
69.77663,No Dog
139.8722,No Dog
134.2559,No Dog
252.8894,No Dog
165.6643,No Dog
21.89091,No Dog
19.09618,No Dog
5.890115,No Dog
69.68367,No Dog
264.6167,No Dog
48.93439,No Dog
262.7819,No Dog
2.213594,No Dog
27.37959,No Dog
146.0637,No Dog
330.4998,No Dog
0.205516,No Dog
30.7307,No Dog
148.1932,No Dog
23.24659,No Dog
1.991224,No Dog
28.74965,No Dog
38.10937,No Dog
32.17363,No Dog
58.13393,No Dog
3.954895,No Dog
151.8216,No Dog
55.66822,No Dog
9.136385,No Dog
145.902,No Dog
27.18352,No Dog
0.2177161,No Dog
17.60157,No Dog
103.2193,No Dog
22.76228,No Dog
207.4035,No Dog
131.5929,No Dog
72.04466,No Dog
353.7757,No Dog
148.6987,No Dog
5.125739,No Dog
118.0872,No Dog
38.10573,No Dog
39.69303,No Dog
4.706746,No Dog
266.0611,No Dog
315.5134,No Dog
48.46149,No Dog
5.236915,No Dog
43.44342,No Dog
22.96477,No Dog
23.73257,No Dog
371.8822,No Dog
42.18895,No Dog
69.23786,No Dog
17.10139,No Dog
121.8784,No Dog
110.9413,No Dog
316.7835,No Dog
94.79313,No Dog
0.130199,No Dog
6.795068,No Dog
70.76407,No Dog
4.506992,No Dog
143.3607,No Dog
13.16216,No Dog
5.375682,No Dog
22.23904,No Dog
44.82954,No Dog
345.0929,No Dog
107.9988,No Dog
7.079032,No Dog
63.75118,No Dog
3.581368,No Dog
108.5197,No Dog
4.814865,No Dog
108.9765,No Dog
326.7209,No Dog
245.3377,No Dog
116.6924,No Dog
42.34413,No Dog
93.58621,No Dog
49.40492,No Dog
68.57551,No Dog
30.40451,No Dog
251.2241,No Dog
6.736471,No Dog
228.6998,No Dog
43.59353,No Dog
12.61308,No Dog
2.69766,No Dog
211.5819,No Dog
103.7863,No Dog
69.24975,No Dog
24.03166,No Dog
109.433,No Dog
227.6084,No Dog
170.7304,No Dog
0.1611237,No Dog
33.50243,No Dog
5.140685,No Dog
0.5070689,No Dog
18.85407,No Dog
3.254402,No Dog
3.327709,No Dog
10.18391,No Dog
243.8178,No Dog
71.25427,No Dog
1.17358,No Dog
68.18521,No Dog
217.9985,No Dog
264.9187,No Dog
45.82971,No Dog
242.6346,No Dog
21.35031,No Dog
8.055895,No Dog
22.83249,No Dog
346.6338,No Dog
4.378666,No Dog
27.87761,No Dog
18.35319,No Dog
75.9553,No Dog
24.71884,No Dog
46.81553,No Dog
8.862651,No Dog
189.7267,No Dog
157.2883,No Dog
15.81647,No Dog
65.13808,No Dog
45.56909,No Dog
14.36192,No Dog
28.79668,No Dog
25.89061,No Dog
142.2858,No Dog
23.4353,No Dog
12.41253,No Dog
309.8408,No Dog
102.1429,No Dog
225.6531,No Dog
29.62797,No Dog
180.5438,No Dog
108.9528,No Dog
35.12364,No Dog
624.1769,No Dog
65.09246,No Dog
235.3884,No Dog
98.23765,No Dog
81.70569,No Dog
28.19807,No Dog
102.6883,No Dog
201.663,No Dog
0.1669127,No Dog
227.5233,No Dog
273.2904,No Dog
242.0762,No Dog
379.8762,No Dog
169.9386,No Dog
243.2228,No Dog
10.88243,No Dog
26.57583,No Dog
14.63852,No Dog
265.0056,No Dog
41.71966,No Dog
39.95526,No Dog
206.5511,No Dog
34.35521,No Dog
24.74078,No Dog
45.9931,No Dog
59.79185,No Dog
22.31317,No Dog
227.525,No Dog
57.12471,No Dog
122.9352,No Dog
40.19837,No Dog
121.7342,No Dog
5.87266,No Dog
269.8244,No Dog
112.2813,No Dog
80.75351,No Dog
195.0668,No Dog
174.9784,No Dog
346.8147,No Dog
219.8116,No Dog
243.8422,No Dog
48.76118,No Dog
315.7001,No Dog
16.99272,No Dog
73.19916,No Dog
510.2036,No Dog
59.66952,No Dog
241.5565,No Dog
57.01191,No Dog
94.15772,No Dog
82.61795,No Dog
40.75129,No Dog
22.85119,No Dog
135.6123,No Dog
1.733914,No Dog
50.44833,No Dog
68.30846,No Dog
44.11894,No Dog
30.55957,No Dog
42.23021,No Dog
138.8064,No Dog
177.4115,No Dog
90.89871,No Dog
209.355,No Dog
181.3329,No Dog
143.1525,No Dog
50.40817,No Dog
195.4583,No Dog
39.856,No Dog
98.0572,No Dog
9.602157,No Dog
162.7296,No Dog
124.9051,No Dog
289.7145,No Dog
66.68539,No Dog
65.40841,No Dog
63.35083,No Dog
81.92453,No Dog
104.0361,No Dog
15.78174,No Dog
197.16,No Dog
650.5036,No Dog
373.2418,No Dog
84.53694,No Dog
9.105098,No Dog
34.85942,No Dog
78.2536,No Dog
58.99779,No Dog
2.062482,No Dog
104.3547,No Dog
22.71877,No Dog
21.62484,No Dog
149.3622,No Dog
295.6367,No Dog
7.921473,No Dog
205.4927,No Dog
24.48793,No Dog
52.2593,No Dog
53.75788,No Dog
10.48853,No Dog
126.1271,No Dog
3.782014,No Dog
83.23117,No Dog
32.47566,No Dog
4.413398,No Dog
1.695443,No Dog
17.64917,No Dog
16.99244,No Dog
99.96894,No Dog
306.897,No Dog
10.0362,No Dog
224.9201,No Dog
1.601986,No Dog
281.9791,No Dog
7.957759,No Dog
239.844,No Dog
145.5626,No Dog
10.61981,No Dog
97.23823,No Dog
82.80757,No Dog
276.0204,No Dog
119.6143,No Dog
80.80318,No Dog
75.75489,No Dog
590.016,No Dog
1.258069,No Dog
96.12724,No Dog
18.23869,No Dog
382.1754,No Dog
0.742718,No Dog
4.210504,No Dog
132.5636,No Dog
63.175,No Dog
174.9798,No Dog
216.4767,No Dog
215.4405,No Dog
0.2714186,No Dog
537.9818,No Dog
256.074,No Dog
80.08755,No Dog
209.7659,No Dog
1.0735,No Dog
349.6051,No Dog
527.6875,No Dog
133.6797,No Dog
34.27692,No Dog
60.64479,No Dog
55.07516,No Dog
3.111793,No Dog
27.49929,No Dog
9.016323,No Dog
39.79504,No Dog
44.3504,No Dog
61.79907,No Dog
549.7746,No Dog
83.87343,No Dog
1.655617,No Dog
38.32601,No Dog
73.21538,No Dog
51.83817,No Dog
140.2928,No Dog
3.416492,No Dog
29.96215,No Dog
18.82417,No Dog
70.53736,No Dog
29.40004,No Dog
203.4756,No Dog
38.06746,No Dog
195.0917,No Dog
30.50462,No Dog
437.9878,No Dog
80.65664,No Dog
43.77532,No Dog
41.25925,No Dog
78.03298,No Dog
43.29526,No Dog
118.7361,No Dog
220.4778,No Dog
185.0083,No Dog
0.8718367,No Dog
52.91624,No Dog
2.996788,No Dog
196.8174,No Dog
42.45111,No Dog
6.059181,No Dog
9.589744,No Dog
30.93472,No Dog
18.23728,No Dog
89.50233,No Dog
40.24953,No Dog
4.431921,No Dog
87.24986,No Dog
231.8687,No Dog
59.31473,No Dog
5.049949,No Dog
33.10837,No Dog
89.64301,No Dog
743.8082,No Dog
5.493469,No Dog
14.6371,No Dog
229.8808,No Dog
9.800135,No Dog
32.96763,No Dog
104.6869,No Dog
90.5307,No Dog
15.18691,No Dog
227.8279,No Dog
11.32037,No Dog
45.39817,No Dog
21.20277,No Dog
25.51607,No Dog
1.998397,No Dog
182.4525,No Dog
376.117,No Dog
27.72871,No Dog
1.114938,No Dog
660.1298,No Dog
1223.807,No Dog
25.84298,No Dog
3.21802,No Dog
344.2628,No Dog
74.62347,No Dog
0.9587298,No Dog
3.500095,No Dog
144.7991,No Dog
70.34596,No Dog
60.04422,No Dog
234.175,No Dog
36.87778,No Dog
38.2237,No Dog
140.7757,No Dog
35.42961,No Dog
268.3902,No Dog
0.4321311,No Dog
118.1187,No Dog
102.3376,No Dog
50.45866,No Dog
252.9057,No Dog
21.56325,No Dog
15.19447,No Dog
26.34446,No Dog
7.286533,No Dog
111.6385,No Dog
62.82128,No Dog
11.31312,No Dog
10.49258,No Dog
172.33,No Dog
431.5912,No Dog
8.692498,No Dog
134.9547,No Dog
20.50441,No Dog
36.28495,No Dog
2.503108,No Dog
238.4189,No Dog
19.06368,No Dog
11.32272,No Dog
195.2597,No Dog
158.1781,No Dog
89.17123,No Dog
49.07508,No Dog
174.3777,No Dog
61.99693,No Dog
46.81146,No Dog
35.00468,No Dog
16.75501,No Dog
114.5947,No Dog
141.0651,No Dog
69.49529,No Dog
251.5785,No Dog
79.23019,No Dog
219.8553,No Dog
6.236582,No Dog
45.65812,No Dog
11.74202,No Dog
17.34514,No Dog
107.2879,No Dog
3.696871,No Dog
102.6503,No Dog
96.40841,No Dog
60.07854,No Dog
2.951675,No Dog
44.46521,No Dog
26.43747,No Dog
84.29276,No Dog
64.82648,No Dog
30.60604,No Dog
37.53913,No Dog
65.16599,No Dog
192.6761,No Dog
380.0213,No Dog
18.40893,No Dog
112.568,No Dog
2.010925,No Dog
45.82305,No Dog
3.034061,No Dog
14.60272,No Dog
56.34042,No Dog
80.17791,No Dog
171.6012,No Dog
152.9401,No Dog
37.16534,No Dog
100.0408,No Dog
51.51923,No Dog
41.18904,No Dog
61.24081,No Dog
30.60287,No Dog
64.78456,No Dog
2.475045,No Dog
31.12923,No Dog
27.52892,No Dog
20.56544,No Dog
98.75362,No Dog
52.08998,No Dog
5.017775,No Dog
158.7873,No Dog
85.26458,No Dog
295.6474,No Dog
2.410398,No Dog
54.5787,No Dog
556.492,No Dog
6.256089,No Dog
145.4099,No Dog
56.33414,No Dog
123.9518,No Dog
89.21545,No Dog
4.256149,No Dog
332.4703,No Dog
126.4119,No Dog
154.7399,No Dog
397.3451,No Dog
26.13065,No Dog
66.09689,No Dog
60.63124,No Dog
41.91654,No Dog
65.95832,No Dog
388.2234,No Dog
35.73165,No Dog
23.7679,No Dog
584.7393,No Dog
74.78031,No Dog
41.41067,No Dog
65.53563,No Dog
41.42089,No Dog
13.24486,No Dog
499.7678,No Dog
115.1567,No Dog
3.411351,No Dog
73.77857,No Dog
257.6907,No Dog
6.161124,No Dog
128.2894,No Dog
51.66189,No Dog
13.12612,No Dog
32.40154,No Dog
5.435667,No Dog
100.4951,No Dog
100.802,No Dog
76.67164,No Dog
158.02,No Dog
196.7618,No Dog
23.9036,No Dog
37.16003,No Dog
46.81675,No Dog
150.3982,No Dog
0.1178575,No Dog
4.826733,No Dog
158.3877,No Dog
126.2097,No Dog
342.2741,No Dog
30.2287,No Dog
220.8681,No Dog
295.0376,No Dog
18.87313,No Dog
10.50956,No Dog
10.81503,No Dog
31.94803,No Dog
94.12117,No Dog
3.483006,No Dog
63.5409,No Dog
16.46794,No Dog
51.95899,No Dog
30.8134,No Dog
53.37825,No Dog
27.96423,No Dog
127.1162,No Dog
70.84109,No Dog
192.307,No Dog
319.4354,No Dog
43.70106,No Dog
98.19279,No Dog
58.6378,No Dog
130.8325,No Dog
200.8119,No Dog
4.967127,No Dog
320.433,No Dog
83.31779,No Dog
25.70878,No Dog
23.23559,No Dog
174.4959,No Dog
1.349019,No Dog
7.705703,No Dog
51.94176,No Dog
1.538536,No Dog
74.58324,No Dog
0.001717155,No Dog
10.56136,No Dog
1.692282,No Dog
39.96026,No Dog
32.82237,No Dog
13.90029,No Dog
1.339251,No Dog
9.442847,No Dog
62.31581,No Dog
54.37372,No Dog
33.31566,No Dog
3.87316,No Dog
23.74765,No Dog
38.99825,No Dog
1.644243,No Dog
141.0131,No Dog
45.45512,No Dog
36.64612,No Dog
26.84654,No Dog
298.2324,No Dog
99.53446,No Dog
67.6763,No Dog
43.14895,No Dog
62.39566,No Dog
27.90256,No Dog
78.1788,No Dog
37.60698,No Dog
144.5843,No Dog
20.11004,No Dog
81.01162,No Dog
37.59522,No Dog
24.64546,No Dog
49.27509,No Dog
204.4115,No Dog
62.70286,No Dog
26.89407,No Dog
101.5453,No Dog
1.241442,No Dog
131.4461,No Dog
32.53038,No Dog
48.62235,No Dog
76.50591,No Dog
106.3563,No Dog
131.6292,No Dog
5.751696,No Dog
7.957853,No Dog
118.4123,No Dog
119.0209,No Dog
51.16602,No Dog
204.5106,No Dog
0.2646494,No Dog
31.01063,No Dog
55.51397,No Dog
11.03744,No Dog
88.48285,No Dog
55.98872,No Dog
17.22926,No Dog
397.704,No Dog
36.56297,No Dog
253.9282,No Dog
176.4135,No Dog
681.9666,No Dog
97.77775,No Dog
53.6175,No Dog
0.09805796,No Dog
11.92497,No Dog
246.0268,No Dog
83.40537,No Dog
52.89992,No Dog
3.093496,No Dog
2.301616,No Dog
151.1616,No Dog
141.7023,No Dog
172.26,No Dog
18.49076,No Dog
21.16432,No Dog
150.7541,No Dog
18.59769,No Dog
12.63208,No Dog
18.37606,No Dog
10.73403,No Dog
57.45299,No Dog
17.42802,No Dog
261.9686,No Dog
518.5553,No Dog
21.30941,No Dog
48.9064,No Dog
325.007,No Dog
48.48657,No Dog
87.95229,No Dog
16.61293,No Dog
301.9702,No Dog
407.9092,No Dog
132.9873,No Dog
9.702606,No Dog
226.9009,No Dog
210.3952,No Dog
119.768,No Dog
12.77673,No Dog
221.6715,No Dog
10.81675,No Dog
45.58242,No Dog
57.26674,No Dog
41.15568,No Dog
81.25561,No Dog
55.49218,No Dog
252.3254,No Dog
41.16089,No Dog
155.4358,No Dog
201.0302,No Dog
6.467384,No Dog
62.32673,No Dog
86.61404,No Dog
270.4765,No Dog
45.15357,No Dog
13.81827,No Dog
7.560026,No Dog
60.83708,No Dog
496.0455,No Dog
2.885008,No Dog
60.73334,No Dog
196.3433,No Dog
160.1113,No Dog
220.5995,No Dog
32.49287,No Dog
340.7285,No Dog
75.81484,No Dog
40.56077,No Dog
45.94512,No Dog
290.9214,No Dog
340.3133,No Dog
180.384,No Dog
72.62744,No Dog
3.570254,No Dog
126.0645,No Dog
241.5995,No Dog
20.96824,No Dog
18.21377,No Dog
11.34806,No Dog
2.617096,No Dog
5.415014,No Dog
164.2925,No Dog
74.64436,No Dog
0.0689775,No Dog
206.536,No Dog
29.30617,No Dog
39.97349,No Dog
43.67274,No Dog
258.9905,No Dog
162.7733,No Dog
47.77269,No Dog
242.795,No Dog
109.122,No Dog
34.3514,No Dog
31.01884,No Dog
690.2755,No Dog
31.32952,No Dog
78.18506,No Dog
43.52524,No Dog
42.83078,No Dog
5.632636,No Dog
71.35127,No Dog
255.4574,No Dog
218.2186,No Dog
13.59408,No Dog
23.67424,No Dog
208.1986,No Dog
107.1864,No Dog
10.87207,No Dog
233.2656,No Dog
46.86757,No Dog
194.5882,No Dog
77.25947,No Dog
41.35353,No Dog
60.42979,No Dog
24.73202,No Dog
515.2194,No Dog
78.81872,No Dog
296.0096,No Dog
0.2759169,No Dog
112.9391,No Dog
79.5984,No Dog
91.93268,No Dog
56.47482,No Dog
5.911341,No Dog
843.0093,No Dog
18.80136,No Dog
29.10992,No Dog
305.9851,No Dog
230.5548,No Dog
4.88353,No Dog
276.636,No Dog
94.14831,No Dog
23.77757,No Dog
65.29026,No Dog
0.824383,No Dog
96.40617,No Dog
65.52602,No Dog
17.40974,No Dog
169.4617,No Dog
107.6501,No Dog
69.63477,No Dog
30.62125,No Dog
63.78678,No Dog
1.412998,No Dog
120.4923,No Dog
18.51068,No Dog
241.9962,No Dog
178.3214,No Dog
61.41041,No Dog
1.573519,No Dog
88.81296,No Dog
21.3964,No Dog
5.060214,No Dog
196.8841,No Dog
79.57022,No Dog
38.08385,No Dog
56.25152,No Dog
39.74275,No Dog
136.5589,No Dog
106.7041,No Dog
29.2503,No Dog
156.5406,No Dog
5.845672,No Dog
107.7692,No Dog
0.211405,No Dog
1.002111,No Dog
222.1176,No Dog
9.163294,No Dog
50.37406,No Dog
78.296,No Dog
25.37428,No Dog
22.67028,No Dog
3.498974,No Dog
160.6034,No Dog
10.30267,No Dog
50.55181,No Dog
171.6359,No Dog
96.26808,No Dog
147.3808,No Dog
78.85244,No Dog
23.02173,No Dog
1.904719,No Dog
109.872,No Dog
28.84979,No Dog
93.65333,No Dog
260.6097,No Dog
4.298217,No Dog
51.06145,No Dog
7.335244,No Dog
82.39962,No Dog
29.47224,No Dog
31.33081,No Dog
5.1007,No Dog
16.0987,No Dog
375.4157,No Dog
90.46248,No Dog
0.8490734,No Dog
16.75182,No Dog
33.23238,No Dog
82.94739,No Dog
43.97315,No Dog
164.8296,No Dog
6.479517,No Dog
198.0576,No Dog
34.58769,No Dog
57.35513,No Dog
55.77818,No Dog
6.828859,No Dog
59.11137,No Dog
11.24745,No Dog
81.91088,No Dog
197.5227,No Dog
139.2503,No Dog
314.0679,No Dog
143.191,No Dog
40.99342,No Dog
369.1903,No Dog
69.35115,No Dog
19.53136,No Dog
25.54043,No Dog
47.36167,No Dog
8.819545,No Dog
45.16587,No Dog
243.0375,No Dog
1.300762,No Dog
8.692882,No Dog
88.84523,No Dog
17.60169,No Dog
2.611149,No Dog
416.6395,No Dog
188.1973,No Dog
20.19239,No Dog
11.42547,No Dog
107.1088,No Dog
6.188458,No Dog
83.71536,No Dog
53.17401,No Dog
14.38351,No Dog
106.2478,No Dog
88.40946,No Dog
239.7668,No Dog
30.98127,No Dog
18.01732,No Dog
13.87296,No Dog
74.21967,No Dog
129.0069,No Dog
12.70971,No Dog
170.849,No Dog
20.76483,No Dog
160.2972,No Dog
4.21087,No Dog
24.91617,No Dog
130.7639,No Dog
87.77239,No Dog
101.1239,No Dog
11.25783,No Dog
4.510126,No Dog
91.68109,No Dog
93.60884,No Dog
10.51554,No Dog
8.412336,No Dog
10.48196,No Dog
48.12794,No Dog
368.5249,No Dog
540.6863,No Dog
85.98868,No Dog
26.90391,No Dog
219.2235,No Dog
20.26315,No Dog
183.6188,No Dog
40.96257,No Dog
41.01599,No Dog
38.92219,No Dog
0.4575116,No Dog
269.1102,No Dog
9.517339,No Dog
14.84665,No Dog
101.8255,No Dog
183.3253,No Dog
2.435505,No Dog
17.07494,No Dog
68.35765,No Dog
84.23401,No Dog
41.94637,No Dog
31.52047,No Dog
24.31076,No Dog
328.5878,No Dog
50.95991,No Dog
21.0904,No Dog
25.52006,No Dog
62.99172,No Dog
85.98714,No Dog
133.2307,No Dog
8.593742,No Dog
1.815799,No Dog
317.446,No Dog
68.99504,No Dog
58.67616,No Dog
204.5006,No Dog
100.6705,No Dog
360.5667,No Dog
33.87036,No Dog
80.83376,No Dog
43.5104,No Dog
14.63399,No Dog
58.88883,No Dog
7.319213,No Dog
106.4613,No Dog
192.8391,No Dog
13.45641,No Dog
27.48982,No Dog
31.73585,No Dog
118.6559,No Dog
102.3373,No Dog
33.36283,No Dog
87.17208,No Dog
86.87947,No Dog
251.4262,No Dog
34.8837,No Dog
239.4102,No Dog
68.61167,No Dog
51.85766,No Dog
17.4066,No Dog
159.8596,No Dog
122.8836,No Dog
245.4054,No Dog
45.2709,No Dog
375.6392,No Dog
63.13016,No Dog
44.51863,No Dog
171.5059,No Dog
9.756546,No Dog
21.35315,No Dog
166.7814,No Dog
346.4481,No Dog
27.45106,No Dog
7.481223,No Dog
55.02309,No Dog
261.7621,No Dog
7.416492,No Dog
3.399879,No Dog
6.943694,No Dog
20.00986,No Dog
34.17796,No Dog
37.7965,No Dog
30.69145,No Dog
547.6903,No Dog
1.5143,No Dog
187.2381,No Dog
53.88577,No Dog
386.0163,No Dog
61.9227,No Dog
58.14801,No Dog
98.81305,No Dog
1.105682,No Dog
737.8319,No Dog
198.7406,No Dog
106.5473,No Dog
85.96093,No Dog
193.358,No Dog
2.747387,No Dog
78.1721,No Dog
37.78249,No Dog
73.37082,No Dog
36.45137,No Dog
200.4368,No Dog
11.41296,No Dog
6.973254,No Dog
381.9776,Dog
112.9835,Dog
137.9838,Dog
122.5479,Dog
320.7936,Dog
122.3312,Dog
189.3457,Dog
178.11,Dog
101.2648,Dog
113.2964,Dog
110.4333,Dog
188.5206,Dog
487.8171,Dog
162.044,Dog
223.8729,Dog
141.7961,Dog
287.1754,Dog
267.4884,Dog
209.077,Dog
171.6306,Dog
101.4637,Dog
101.3064,Dog
135.3632,Dog
229.513,Dog
104.8264,Dog
133.252,Dog
517.4947,Dog
279.9875,Dog
175.3084,Dog
101.1652,Dog
296.2383,Dog
203.9661,Dog
136.7026,Dog
255.4976,Dog
221.7329,Dog
110.781,Dog
130.2466,Dog
389.5048,Dog
107.1391,Dog
105.3679,Dog
115.7121,Dog
101.5127,Dog
118.6907,Dog
113.0529,Dog
146.2154,Dog
290.1321,Dog
116.3345,Dog
144.8672,Dog
158.1105,Dog
143.3358,Dog
381.5087,Dog
283.7955,Dog
444.7378,Dog
137.9219,Dog
206.892,Dog
136.4071,Dog
114.5297,Dog
146.2239,Dog
315.3295,Dog
244.0919,Dog
111.5925,Dog
104.3377,Dog
756.7429,Dog
163.437,Dog
143.0685,Dog
139.5919,Dog
100.0332,Dog
110.7739,Dog
351.6414,Dog
268.4074,Dog
300.4448,Dog
100.5401,Dog
197.109,Dog
197.0735,Dog
499.601,Dog
104.3493,Dog
199.236,Dog
129.2515,Dog
216.2433,Dog
512.8634,Dog
131.4611,Dog
142.156,Dog
171.143,Dog
121.524,Dog
258.9899,Dog
134.0187,Dog
365.3428,Dog
264.9304,Dog
102.3862,Dog
122.1861,Dog
104.7144,Dog
173.2664,Dog
300.9026,Dog
101.3383,Dog
432.6572,Dog
179.1047,Dog
180.6085,Dog
164.5291,Dog
110.0518,Dog
869.8363,Dog
263.9414,Dog
151.2256,Dog
128.6108,Dog
126.8168,Dog
178.1243,Dog
161.8289,Dog
140.0703,Dog
174.1361,Dog
438.5196,Dog
103.2824,Dog
354.806,Dog
103.5559,Dog
488.8443,Dog
100.2014,Dog
174.1214,Dog
1012.117,Dog
134.2727,Dog
208.3965,Dog
115.8939,Dog
245.0459,Dog
428.5428,Dog
121.7596,Dog
188.4604,Dog
118.8846,Dog
329.7227,Dog
155.1991,Dog
279.3732,Dog
208.1053,Dog
130.9335,Dog
137.5641,Dog
120.3389,Dog
134.7134,Dog
129.9073,Dog
134.3875,Dog
102.3817,Dog
102.0104,Dog
178.0688,Dog
112.1386,Dog
248.6913,Dog
133.071,Dog
937.8629,Dog
102.583,Dog
136.9179,Dog
103.5127,Dog
152.5705,Dog
190.3977,Dog
151.1685,Dog
222.358,Dog
242.5153,Dog
216.7714,Dog
141.0461,Dog
115.4901,Dog
154.1282,Dog
162.0457,Dog
108.3513,Dog
154.9836,Dog
102.3926,Dog
204.0963,Dog
102.5724,Dog
104.7936,Dog
303.64,Dog
148.3059,Dog
156.9864,Dog
145.6881,Dog
340.0315,Dog
102.4953,Dog
130.0216,Dog
125.2219,Dog
465.561,Dog
192.5172,Dog
283.5894,Dog
139.0729,Dog
107.761,Dog
269.7964,Dog
319.15,Dog
100.2255,Dog
198.7633,Dog
121.1524,Dog
317.5083,Dog
115.8818,Dog
180.6082,Dog
136.7136,Dog
178.9232,Dog
127.3317,Dog
143.5346,Dog
124.4773,Dog
102.5853,Dog
110.0186,Dog
125.4424,Dog
106.4338,Dog
113.5854,Dog
380.9233,Dog
244.4218,Dog
206.8558,Dog
804.5482,Dog
236.621,Dog
291.7181,Dog
106.3327,Dog
237.794,Dog
175.751,Dog
224.8156,Dog
216.0662,Dog
167.2904,Dog
136.3294,Dog
121.5126,Dog
270.1538,Dog
195.2779,Dog
241.265,Dog
208.8367,Dog
165.6761,Dog
143.9005,Dog
134.8538,Dog
119.2803,Dog
127.14,Dog
130.09,Dog
145.6135,Dog
109.8217,Dog
119.6345,Dog
100.3467,Dog
117.9903,Dog
120.6278,Dog
133.6939,Dog
126.3532,Dog
144.7893,Dog
252.9197,Dog
156.1778,Dog
103.3011,Dog
251.443,Dog
118.9559,Dog
137.6528,Dog
103.0672,Dog
193.9727,Dog
151.5124,Dog
444.6577,Dog
658.1132,Dog
287.2154,Dog
159.9912,Dog
105.4321,Dog
101.477,Dog
100.8541,Dog
124.9018,Dog
116.9715,Dog
165.4382,Dog
110.6634,Dog
355.3143,Dog
170.5722,Dog
156.0349,Dog
164.7658,Dog
104.3768,Dog
123.2941,Dog
109.567,Dog
116.9842,Dog
101.1016,Dog
145.5561,Dog
146.2236,Dog
157.1972,Dog
161.6551,Dog
107.1819,Dog
215.0717,Dog
115.6858,Dog
100.7805,Dog
127.6003,Dog
102.1826,Dog
408.8886,Dog
202.9549,Dog
173.5629,Dog
101.9746,Dog
198.3767,Dog
301.397,Dog
143.4713,Dog
131.3977,Dog
103.5306,Dog
1182.964,Dog
117.7115,Dog
116.601,Dog
169.4959,Dog
103.0692,Dog
114.7322,Dog
127.549,Dog
112.4558,Dog
140.3465,Dog
321.346,Dog
121.5361,Dog
103.5264,Dog
266.1751,Dog
122.4871,Dog
184.0112,Dog
650.4582,Dog
779.3478,Dog
122.599,Dog
142.3934,Dog
120.8391,Dog
181.6768,Dog
137.0688,Dog
109.5993,Dog
107.3969,Dog
111.9274,Dog
555.9391,Dog
438.1936,Dog
122.3149,Dog
121.68,Dog
144.2219,Dog
154.9065,Dog
132.5135,Dog
120.0931,Dog
105.2478,Dog
164.6553,Dog
176.0657,Dog
241.4706,Dog
282.1094,Dog
151.2219,Dog
120.3712,Dog
138.1423,Dog
344.796,Dog
101.9989,Dog
153.7366,Dog
178.0581,Dog
119.0999,Dog
257.4354,Dog
295.972,Dog
176.1913,Dog
132.0974,Dog
127.6102,Dog
111.5347,Dog
199.5408,Dog
140.399,Dog
100.3715,Dog
205.8434,Dog
251.2229,Dog
226.4874,Dog
119.0199,Dog
252.3979,Dog
107.1137,Dog
100.6017,Dog
110.9153,Dog
174.5494,Dog
369.4358,Dog
549.0174,Dog
242.3993,Dog
216.7426,Dog
171.6512,Dog
104.2994,Dog
201.9151,Dog
113.9341,Dog
111.1163,Dog
510.918,Dog
394.0727,Dog
110.911,Dog
106.8992,Dog
169.1258,Dog
107.677,Dog
109.0421,Dog
355.81,Dog
122.5038,Dog
1024.695,Dog
100.1493,Dog
131.6418,Dog
167.4726,Dog
415.2368,Dog
110.0105,Dog
125.8542,Dog
307.679,Dog
100.368,Dog
120.9744,Dog
264.7952,Dog
100.0398,Dog
134.2901,Dog
289.1388,Dog
224.8262,Dog
183.2246,Dog
877.329,Dog
359.9479,Dog
145.6474,Dog
102.4209,Dog
138.9119,Dog
256.1334,Dog
151.9274,Dog
123.0711,Dog
199.7511,Dog
274.8722,Dog
198.7275,Dog
384.0842,Dog
121.8721,Dog
107.6398,Dog
282.4744,Dog
212.2116,Dog
119.2075,Dog
137.8571,Dog
171.6293,Dog
119.9064,Dog
102.4882,Dog
780.268,Dog
157.5131,Dog
106.2197,Dog
154.0905,Dog
170.8344,Dog
159.27,Dog
101.1975,Dog
115.9083,Dog
106.8972,Dog
178.7502,Dog
152.6478,Dog
120.0996,Dog
100.0321,Dog
127.5359,Dog
169.3733,Dog
366.4061,Dog
735.9129,Dog
124.269,Dog
111.9961,Dog
121.4784,Dog
113.0212,Dog
158.2283,Dog
210.2377,Dog
227.1619,Dog
109.9998,Dog
104.0248,Dog
120.3701,Dog
202.1453,Dog
174.9132,Dog
112.5706,Dog
150.8968,Dog
324.4551,Dog
160.807,Dog
1024.803,Dog
204.1201,Dog
105.9256,Dog
135.8143,Dog
218.6477,Dog
240.7787,Dog
295.9122,Dog
337.9941,Dog
235.1948,Dog
301.1605,Dog
647.7151,Dog
135.1702,Dog
120.6383,Dog
363.4728,Dog
318.6594,Dog
216.459,Dog
106.644,Dog
168.9032,Dog
226.8503,Dog
120.6693,Dog
185.6468,Dog
220.7448,Dog
104.9728,Dog
404.0841,Dog
106.3487,Dog
121.339,Dog
153.9785,Dog
106.6465,Dog
197.4032,Dog
233.3385,Dog
130.8821,Dog
100.4133,Dog
109.3193,Dog
134.3142,Dog
135.163,Dog
101.5085,Dog
256.4107,Dog
295.147,Dog
302.7899,Dog
111.6902,Dog
205.6961,Dog
355.8347,Dog
215.2242,Dog
114.9107,Dog
110.4486,Dog
126.3384,Dog
118.1396,Dog
156.084,Dog
127.3223,Dog
335.9067,Dog
103.6794,Dog
120.3638,Dog
101.8275,Dog
317.7527,Dog
263.486,Dog
135.2265,Dog
338.7977,Dog
351.5761,Dog
130.6711,Dog
109.1293,Dog
101.6327,Dog
262.4508,Dog
134.4951,Dog
240.4879,Dog
149.0434,Dog
208.0167,Dog
376.6756,Dog
137.0823,Dog
268.6947,Dog
136.3243,Dog
376.713,Dog
155.6498,Dog
114.3677,Dog
517.0976,Dog
100.0682,Dog
239.3328,Dog
126.4111,Dog
104.5967,Dog
139.9634,Dog
353.586,Dog
657.7881,Dog
202.2767,Dog
166.7013,Dog
103.2482,Dog
262.2129,Dog
105.1016,Dog
458.5219,Dog
130.6411,Dog
117.4323,Dog
256.2792,Dog
105.9187,Dog
380.5251,Dog
103.7674,Dog
106.2139,Dog
123.8385,Dog
123.8346,Dog
318.6446,Dog
195.716,Dog
162.7581,Dog
612.1765,Dog
430.7381,Dog
109.6561,Dog
231.3114,Dog
161.1132,Dog
122.9818,Dog
125.764,Dog
100.952,Dog
139.0781,Dog
123.2755,Dog
251.4109,Dog
102.6016,Dog
105.5863,Dog
652.3302,Dog
163.4254,Dog
185.5481,Dog
100.4456,Dog
110.283,Dog
228.2021,Dog
263.6777,Dog
140.1955,Dog
112.1778,Dog
164.0689,Dog
222.6123,Dog
259.6472,Dog
159.9278,Dog
303.9365,Dog
106.1772,Dog
277.1614,Dog
181.5586,Dog
168.9039,Dog
296.3085,Dog
230.7406,Dog
119.4755,Dog
115.0474,Dog
165.295,Dog
252.3063,Dog
156.27,Dog
104.9943,Dog
100.887,Dog
892.1692,Dog
104.8627,Dog
153.7721,Dog
124.9682,Dog
100.8273,Dog
341.7561,Dog
146.0178,Dog
252.6973,Dog
134.1758,Dog
193.7932,Dog
354.2246,Dog
109.8273,Dog
257.3116,Dog
204.9714,Dog
107.7363,Dog
104.2069,Dog
326.3271,Dog
148.8081,Dog
301.6985,Dog
101.6691,Dog
112.2767,Dog
404.2799,Dog
562.9411,Dog
237.7305,Dog
117.3615,Dog
135.8893,Dog
103.1737,Dog
106.6552,Dog
133.9261,Dog
105.1859,Dog
110.7634,Dog
100.2801,Dog
147.0089,Dog
376.1555,Dog
173.6387,Dog
174.6518,Dog
281.7635,Dog
221.9105,Dog
243.5601,Dog
108.4348,Dog
121.2118,Dog
149.937,Dog
199.0751,Dog
132.5309,Dog
107.8887,Dog
314.6385,Dog
102.2378,Dog
239.2577,Dog
179.343,Dog
216.4742,Dog
100.6659,Dog
133.6332,Dog
101.7263,Dog
134.5293,Dog
170.668,Dog
117.7365,Dog
102.2863,Dog
147.9873,Dog
175.2907,Dog
106.8107,Dog
165.5203,Dog
148.5095,Dog
156.7469,Dog
364.809,Dog
105.8346,Dog
135.2049,Dog
251.2698,Dog
530.0661,Dog
106.3787,Dog
106.0001,Dog
107.8194,Dog
124.6759,Dog
748.2263,Dog
130.6432,Dog
106.6115,Dog
177.1216,Dog
284.8913,Dog
338.3963,Dog
418.4729,Dog
211.9047,Dog
115.76,Dog
140.713,Dog
130.6767,Dog
373.7592,Dog
101.4589,Dog
116.4966,Dog
330.0555,Dog
293.4987,Dog
131.5548,Dog
202.326,Dog
138.2902,Dog
399.1216,Dog
101.7529,Dog
542.381,Dog
112.9915,Dog
105.3353,Dog
100.0039,Dog
136.2448,Dog
101.568,Dog
184.6285,Dog
169.3415,Dog
194.2628,Dog
127.7003,Dog
120.7657,Dog
337.1271,Dog
105.3164,Dog
200.0684,Dog
220.5942,Dog
139.0572,Dog
114.301,Dog
111.0748,Dog
125.9212,Dog
542.9934,Dog
313.9533,Dog
265.7172,Dog
259.277,Dog
176.8704,Dog
108.0229,Dog
214.8548,Dog
898.5013,Dog
128.7546,Dog
157.6989,Dog
162.626,Dog
234.8516,Dog
414.141,Dog
103.7155,Dog
466.9074,Dog
147.3086,Dog
248.7124,Dog
199.2917,Dog
179.2962,Dog
103.0167,Dog
119.8447,Dog
591.3812,Dog
162.5154,Dog
132.2759,Dog
224.5137,Dog
196.4974,Dog
109.4204,Dog
261.6783,Dog
106.5107,Dog
103.3092,Dog
180.2123,Dog
500.7872,Dog
135.9145,Dog
112.062,Dog
417.6867,Dog
110.8149,Dog
376.6541,Dog
125.2698,Dog
418.5508,Dog
112.7407,Dog
229.7731,Dog
310.4887,Dog
620.7539,Dog
202.7476,Dog
510.1589,Dog
390.9119,Dog
169.7511,Dog
191.8939,Dog
188.9382,Dog
106.6866,Dog
201.3468,Dog
527.3807,Dog
153.1565,Dog
189.6999,Dog
115.7278,Dog
341.3482,Dog
143.3677,Dog
105.6863,Dog
102.5854,Dog
257.1543,Dog
305.8543,Dog
126.4269,Dog
222.7947,Dog
172.982,Dog
129.5418,Dog
160.9815,Dog
146.2229,Dog
170.1908,Dog
149.4156,Dog
123.3596,Dog
141.0746,Dog
224.7134,Dog
172.5697,Dog
101.3242,Dog
123.2155,Dog
107.6736,Dog
173.3878,Dog
198.8484,Dog
123.2832,Dog
247.0048,Dog
350.8911,Dog
133.5942,Dog
416.2484,Dog
240.1865,Dog
410.3211,Dog
129.4903,Dog
231.7581,Dog
476.9021,Dog
129.5846,Dog
123.8238,Dog
173.076,Dog
308.544,Dog
392.7116,Dog
176.094,Dog
248.9867,Dog
117.8203,Dog
112.938,Dog
106.2269,Dog
177.3236,Dog
177.311,Dog
105.8445,Dog
324.7029,Dog
145.6198,Dog
175.8294,Dog
191.1519,Dog
141.0765,Dog
113.4844,Dog
107.6451,Dog
159.0919,Dog
102.3092,Dog
206.2304,Dog
104.8137,Dog
104.9308,Dog
332.3877,Dog
469.0502,Dog
263.6396,Dog
174.1913,Dog
124.5522,Dog
239.0495,Dog
151.3598,Dog
170.3132,Dog
108.5211,Dog
114.9337,Dog
102.3128,Dog
198.3254,Dog
104.8369,Dog
229.0704,Dog
143.4741,Dog
280.0014,Dog
470.9562,Dog
136.2321,Dog
254.9038,Dog
448.6398,Dog
100.4986,Dog
278.7106,Dog
109.5695,Dog
140.642,Dog
145.2952,Dog
337.1609,Dog
286.1571,Dog
118.7477,Dog
107.2084,Dog
104.6145,Dog
160.1562,Dog
115.8435,Dog
104.3542,Dog
108.2876,Dog
580.8011,Dog
228.0369,Dog
129.8212,Dog
171.2071,Dog
207.6744,Dog
177.1135,Dog
195.4712,Dog
146.7205,Dog
116.3176,Dog
232.2472,Dog
104.1513,Dog
154.9273,Dog
362.7441,Dog
111.5828,Dog
318.823,Dog
271.0191,Dog
359.3679,Dog
273.6071,Dog
225.6352,Dog
106.599,Dog
191.845,Dog
135.3893,Dog
505.4088,Dog
108.9553,Dog
141.388,Dog
164.5442,Dog
128.2395,Dog
282.5975,Dog
505.429,Dog
111.9029,Dog
144.1846,Dog
182.0517,Dog
133.6959,Dog
189.4118,Dog
137.2845,Dog
113.4972,Dog
143.324,Dog
180.1598,Dog
130.1533,Dog
157.1305,Dog
116.0664,Dog
147.7889,Dog
129.3465,Dog
180.1554,Dog
117.2119,Dog
164.9166,Dog
150.8329,Dog
244.6052,Dog
134.7282,Dog
130.6668,Dog
388.1245,Dog
301.6558,Dog
177.0391,Dog
243.5927,Dog
290.7507,Dog
219.3279,Dog
139.9836,Dog
210.965,Dog
202.9846,Dog
205.6394,Dog
100.9822,Dog
119.3138,Dog
108.3993,Dog
230.5182,Dog
150.6577,Dog
288.3668,Dog
139.2667,Dog
152.6818,Dog
133.3819,Dog
244.8278,Dog
147.4842,Dog
178.365,Dog
162.0697,Dog
101.1044,Dog
171.7219,Dog
255.1791,Dog
144.2835,Dog
230.5394,Dog
263.9935,Dog
272.1644,Dog
100.0909,Dog
128.2814,Dog
102.4587,Dog
164.0559,Dog
273.0925,Dog
195.6684,Dog
109.8433,Dog
114.2984,Dog
125.2626,Dog
120.175,Dog
106.6569,Dog
207.8565,Dog
137.891,Dog
563.0403,Dog
153.4965,Dog
314.2579,Dog
139.8055,Dog
103.83,Dog
549.0792,Dog
170.5163,Dog
172.5746,Dog
188.6379,Dog
670.8747,Dog
212.1484,Dog
127.6367,Dog
163.1666,Dog
227.537,Dog
120.1052,Dog
220.8247,Dog
120.9646,Dog
101.8698,Dog
100.9971,Dog
100.0646,Dog
383.1318,Dog
107.4806,Dog
253.7314,Dog
164.7419,Dog
122.5343,Dog
110.4413,Dog
184.7252,Dog
284.5483,Dog
128.6794,Dog
103.2575,Dog
149.7805,Dog
141.8047,Dog
106.8517,Dog
112.3561,Dog
843.9795,Dog
109.2585,Dog
257.8652,Dog
594.1729,Dog
272.8262,Dog
128.4988,Dog
112.0928,Dog
101.5471,Dog
115.6103,Dog
104.1321,Dog
132.5174,Dog
139.7835,Dog
334.7318,Dog
109.4082,Dog
137.0563,Dog
100.7923,Dog
287.7508,Dog
835.5651,Dog
159.6268,Dog
118.9671,Dog
162.0614,Dog
100.4242,Dog
135.0123,Dog
198.6108,Dog
114.5228,Dog
629.1155,Dog
133.2554,Dog
100.0277,Dog
132.6941,Dog
218.7047,Dog
320.4446,Dog
204.207,Dog
214.5705,Dog
100.0273,Dog
226.8294,Dog
169.6627,Dog
112.5662,Dog
152.1435,Dog
192.4253,Dog
226.5987,Dog
254.6278,Dog
134.0514,Dog
112.4108,Dog
163.4088,Dog
212.1999,Dog
569.6988,Dog
120.203,Dog
113.2362,Dog
341.0741,Dog
134.0077,Dog
154.9658,Dog
244.1268,Dog
145.945,Dog
177.3116,Dog
175.7411,Dog
425.5857,Dog
108.4396,Dog
162.2193,Dog
161.6621,Dog
104.7584,Dog
222.3589,Dog
140.1331,Dog
381.5176,Dog
183.4443,Dog
199.2647,Dog
250.4194,Dog
187.1902,Dog
101.3704,Dog
126.8679,Dog
131.3812,Dog
252.3545,Dog
221.2333,Dog
145.21,Dog
412.0276,Dog
106.2674,Dog
155.991,Dog
203.5377,Dog
107.4267,Dog
158.8707,Dog
124.5623,Dog
205.3313,Dog
109.246,Dog
261.6714,Dog
285.2653,Dog
221.9958,Dog
245.911,Dog
401.1126,Dog
192.2997,Dog
149.2515,Dog
186.3764,Dog
265.7221,Dog
142.2538,Dog
100.7729,Dog
110.673,Dog
343.863,Dog
256.0144,Dog
105.5083,Dog
565.7166,Dog
111.6405,Dog
160.9215,Dog
103.3214,Dog
494.4014,Dog
103.802,Dog
241.319,Dog
145.9148,Dog
119.6003,Dog
164.4644,Dog
167.0474,Dog
284.2245,Dog
147.3615,Dog
229.0754,Dog
114.4002,Dog
103.1563,Dog
116.3526,Dog
252.376,Dog
343.437,Dog
179.1627,Dog
141.9916,Dog
142.8716,Dog
202.4737,Dog
126.6396,Dog
108.4177,Dog
226.9996,Dog
117.7838,Dog
117.5775,Dog
147.9944,Dog
117.5088,Dog
101.4737,Dog
158.3805,Dog
201.3802,Dog
428.9899,Dog
116.7527,Dog
246.4462,Dog
108.7347,Dog
340.8389,Dog
154.1116,Dog
105.1009,Dog
553.9983,Dog
111.0661,Dog
221.6756,Dog
111.2636,Dog
133.5396,Dog
259.1424,Dog
167.8413,Dog
156.7283,Dog
299.7075,Dog
209.1652,Dog
108.434,Dog
112.6896,Dog
223.7499,Dog
299.125,Dog
127.8539,Dog
175.6058,Dog
142.0523,Dog
119.8619,Dog
158.5476,Dog
509.6132,Dog
112.1175,Dog
142.2469,Dog
128.9468,Dog
184.8065,Dog
127.5692,Dog
780.7542,Dog
255.4875,Dog
181.5388,Dog
164.7535,Dog
108.0359,Dog
126.8664,Dog
104.1317,Dog
347.9617,Dog
256.0013,Dog
242.9369,Dog
161.437,Dog
189.1619,Dog
247.0217,Dog
101.6082,Dog
305.0319,Dog
206.877,Dog
188.8934,Dog
136.2977,Dog
383.7563,Dog
117.2429,Dog
104.8742,Dog
165.3456,Dog
101.8235,Dog
134.0672,Dog
162.2189,Dog
266.2621,Dog
118.2958,Dog
101.6051,Dog
285.3401,Dog
112.6067,Dog
122.7342,Dog
130.0715,Dog
105.6401,Dog
118.8639,Dog
103.7009,Dog
383.1788,Dog
100.1917,Dog
381.634,Dog
152.4252,Dog
280.7349,Dog
133.5516,Dog
221.9005,Dog
165.8908,Dog
242.0054,Dog
245.8234,Dog
120.6996,Dog
189.373,Dog
146.7309,Dog
116.1979,Dog
118.7597,Dog
392.9326,Dog
134.9146,Dog
115.3663,Dog
632.8638,Dog
110.0283,Dog
240.712,Dog
104.9721,Dog
161.1441,Dog
150.9978,Dog
129.5033,Dog
150.1462,Dog
119.2178,Dog
372.3001,Dog
143.6102,Dog
177.2837,Dog
105.6072,Dog
115.2821,Dog
217.6992,Dog
532.9318,Dog
108.7246,Dog
215.1325,Dog
267.3038,Dog
210.9078,Dog
119.6439,Dog
263.8865,Dog
111.1216,Dog
136.2412,Dog
121.151,Dog
103.8713,Dog
184.0953,Dog
101.6607,Dog
137.501,Dog
101.1382,Dog
164.5823,Dog
220.4794,Dog
100.0165,Dog
110.9622,Dog
204.1501,Dog
140.9595,Dog
151.3575,Dog
186.6672,Dog
147.9062,Dog
330.5914,Dog
119.9799,Dog
154.5003,Dog
178.7175,Dog
114.9645,Dog
532.0878,Dog
130.0664,Dog
207.5877,Dog
124.2415,Dog
179.2208,Dog
106.0051,Dog
101.4977,Dog
142.3226,Dog
248.6502,Dog
337.1222,Dog
356.6206,Dog
129.7209,Dog
128.36,Dog
116.1518,Dog
564.1603,Dog
326.429,Dog
125.8263,Dog
131.4913,Dog
389.2262,Dog
178.5054,Dog
299.1537,Dog
315.3076,Dog
113.913,Dog
330.224,Dog
161.6168,Dog
157.07,Dog
493.9493,Dog
199.165,Dog
236.8386,Dog
227.3863,Dog
108.7755,Dog
100.0461,Dog
114.5834,Dog
623.7411,Dog
264.5421,Dog
147.6133,Dog
156.4495,Dog
212.5155,Dog
105.6825,Dog
141.201,Dog
314.9129,Dog
301.1088,Dog
497.5992,Dog
249.5192,Dog
101.2198,Dog
134.1369,Dog
176.4875,Dog
397.0369,Dog
168.6727,Dog
438.0255,Dog
212.5959,Dog
132.4382,Dog
131.7845,Dog
131.4474,Dog
178.1282,Dog
418.229,Dog
244.7232,Dog
263.4727,Dog
108.6547,Dog
369.2348,Dog
385.1944,Dog
364.015,Dog
140.8186,Dog
170.32,Dog
143.9588,Dog
170.5582,Dog
163.1015,Dog
104.8076,Dog
100.9393,Dog
121.8611,Dog
342.3469,Dog
241.9847,Dog
147.1049,Dog
272.3335,Dog
120.5286,Dog
103.655,Dog
190.3194,Dog
128.5614,Dog
257.8351,Dog
111.3074,Dog
149.3629,Dog
292.2963,Dog
164.7819,Dog
210.0287,Dog
172.7181,Dog
651.6539,Dog
101.7834,Dog
127.8943,Dog
100.6772,Dog
162.3274,Dog
125.711,Dog
132.8904,Dog
113.2226,Dog
117.746,Dog
206.2329,Dog
201.9332,Dog
353.3776,Dog
696.5719,Dog
119.2781,Dog
101.7659,Dog
283.4526,Dog
116.5367,Dog
289.2271,Dog
386.7402,Dog
262.2508,Dog
126.7668,Dog
240.3052,Dog
167.5052,Dog
120.1673,Dog
111.61,Dog
150.5409,Dog
121.869,Dog
161.1886,Dog
101.8741,Dog
163.94,Dog
143.6907,Dog
108.4676,Dog
162.9234,Dog
110.9713,Dog
269.6634,Dog
167.3569,Dog
105.7004,Dog
180.4778,Dog
422.9112,Dog
135.2792,Dog
101.3327,Dog
140.534,Dog
359.36,Dog
403.3162,Dog
142.3323,Dog
112.0744,Dog
106.2025,Dog
130.3878,Dog
101.5309,Dog
126.7812,Dog
119.5095,Dog
195.0451,Dog
121.6152,Dog
128.3048,Dog
167.1961,Dog
334.861,Dog
175.6198,Dog
114.0515,Dog
226.0051,Dog
201.9735,Dog
291.2044,Dog
100.1797,Dog
150.391,Dog
213.0566,Dog
368.667,Dog
138.887,Dog
170.6985,Dog
222.4698,Dog
142.3142,Dog
136.339,Dog
208.9099,Dog
242.0806,Dog
327.5512,Dog
512.3563,Dog
121.2327,Dog
253.5366,Dog
106.6323,Dog
126.5039,Dog
527.9621,Dog
168.9427,Dog
195.8631,Dog
156.3062,Dog
230.6283,Dog
100.9631,Dog
119.4755,Dog
279.9601,Dog
100.2588,Dog
227.6995,Dog
500.6036,Dog
101.509,Dog
100.0645,Dog
310.3555,Dog
109.1032,Dog
225.2101,Dog
284.0775,Dog
295.7505,Dog
103.7243,Dog
446.4408,Dog
138.6563,Dog
107.946,Dog
163.1387,Dog
104.2269,Dog
127.3003,Dog
110.4433,Dog
105.1941,Dog
518.6832,Dog
195.8809,Dog
257.5247,Dog
115.5647,Dog
126.6913,Dog
230.2861,Dog
117.5069,Dog
624.2049,Dog
152.1836,Dog
950.4861,Dog
178.1722,Dog
273.6426,Dog
495.5953,Dog
163.2269,Dog
231.4755,Dog
232.5319,Dog
521.2514,Dog
151.9882,Dog
113.9467,Dog
195.989,Dog
196.1295,Dog
114.3482,Dog
115.3418,Dog
133.5534,Dog
289.0192,Dog
136.3713,Dog
148.9572,Dog
106.1496,Dog
245.5961,Dog
103.6951,Dog
108.0464,Dog
258.6391,Dog
135.0758,Dog
125.4121,Dog
223.858,Dog
100.0049,Dog
210.8271,Dog
112.5185,Dog
228.5648,Dog
126.0908,Dog
106.6169,Dog
135.7406,Dog
212.1856,Dog
181.5336,Dog
451.4774,Dog
275.6279,Dog
116.1955,Dog
100.9218,Dog
273.9158,Dog
208.0777,Dog
143.3702,Dog
100.0832,Dog
531.3797,Dog
723.8909,Dog
103.8708,Dog
162.4457,Dog
143.9226,Dog
125.6361,Dog
103.5744,Dog
125.669,Dog
123.1909,Dog
101.8208,Dog
132.3805,Dog
104.1168,Dog
172.8103,Dog
114.7553,Dog
252.2208,Dog
188.449,Dog
190.7773,Dog
193.3931,Dog
109.1257,Dog
192.4507,Dog
124.945,Dog
138.8671,Dog
100.4007,Dog
108.563,Dog
203.401,Dog
147.6453,Dog
235.2169,Dog
451.3125,Dog
108.064,Dog
136.0215,Dog
478.785,Dog
141.0789,Dog
163.7734,Dog
146.8489,Dog
218.5574,Dog
333.0233,Dog
261.877,Dog
115.3972,Dog
235.185,Dog
214.5756,Dog
199.9592,Dog
124.778,Dog
108.0871,Dog
101.8098,Dog
160.4413,Dog
104.4396,Dog
109.6091,Dog
126.4025,Dog
140.2152,Dog
132.5754,Dog
110.4427,Dog
139.8195,Dog
113.2255,Dog
217.0105,Dog
102.0409,Dog
119.5927,Dog
234.0171,Dog
231.1366,Dog
351.7863,Dog
375.8171,Dog
103.0577,Dog
122.5118,Dog
183.2259,Dog
100.9542,Dog
130.2073,Dog
129.0498,Dog
198.5168,Dog
122.5387,Dog
587.837,Dog
435.5382,Dog
563.2705,Dog
129.3204,Dog
283.2816,Dog
422.6523,Dog
153.3701,Dog
156.2728,Dog
109.9536,Dog
139.1542,Dog
173.7397,Dog
155.1691,Dog
111.049,Dog
106.7073,Dog
176.8064,Dog
601.4286,Dog
146.5836,Dog
111.1534,Dog
115.9111,Dog
171.7056,Dog
504.189,Dog
164.9833,Dog
114.2085,Dog
141.3161,Dog
102.6215,Dog
166.2425,Dog
131.3608,Dog
113.3615,Dog
190.3049,Dog
178.3966,Dog
122.2314,Dog
395.8369,Dog
136.2705,Dog
158.7566,Dog
666.6221,Dog
109.9189,Dog
115.9591,Dog
101.2515,Dog
123.9424,Dog
128.3005,Dog
255.9988,Dog
167.327,Dog
241.5793,Dog
122.9105,Dog
211.9946,Dog
110.5901,Dog
141.593,Dog
134.8407,Dog
164.0703,Dog
284.2305,Dog
242.7999,Dog
342.8332,Dog
121.6582,Dog
157.6229,Dog
316.22,Dog
100.1188,Dog
524.2313,Dog
196.8302,Dog
104.6624,Dog
195.2147,Dog
129.6087,Dog
649.7498,Dog
133.7243,Dog
251.2609,Dog
115.0355,Dog
117.0477,Dog
335.4135,Dog
215.3626,Dog
229.0023,Dog
128.159,Dog
160.7319,Dog
148.5363,Dog
160.3928,Dog
142.0567,Dog
157.5051,Dog
365.4943,Dog
201.3788,Dog
110.5164,Dog
287.1946,Dog
139.7422,Dog
114.1844,Dog
142.432,Dog
126.4229,Dog
115.4674,Dog
349.444,Dog
115.2461,Dog
150.394,Dog
226.1624,Dog
222.442,Dog
107.2762,Dog
135.9349,Dog
129.2348,Dog
112.2302,Dog
129.4393,Dog
168.9945,Dog
188.5689,Dog
169.9161,Dog
133.7281,Dog
101.9008,Dog
255.7581,Dog
186.924,Dog
208.4849,Dog
100.0139,Dog
104.6089,Dog
127.3816,Dog
164.3633,Dog
428.1591,Dog
199.347,Dog
185.2754,Dog
284.9801,Dog
182.1434,Dog
229.6506,Dog
158.7143,Dog
126.0555,Dog
152.0735,Dog
157.6432,Dog
134.0298,Dog
442.2812,Dog
165.7587,Dog
155.9569,Dog
161.6009,Dog
210.6838,Dog
145.7124,Dog
312.1982,Dog
104.6623,Dog
191.3035,Dog
367.7882,Dog
112.0083,Dog
181.8001,Dog
100.0913,Dog
116.6727,Dog
139.6568,Dog
174.8625,Dog
141.3109,Dog
250.432,Dog
149.1499,Dog
151.1003,Dog
140.0156,Dog
110.0024,Dog
132.8107,Dog
118.5799,Dog
178.1882,Dog
215.7526,Dog
121.6034,Dog
124.0098,Dog
227.3238,Dog
389.6784,Dog
214.3834,Dog
227.9529,Dog
158.4771,Dog
105.3848,Dog
236.7084,Dog
190.2515,Dog
101.959,Dog
112.5752,Dog
225.8522,Dog
116.6555,Dog
166.6637,Dog
229.9864,Dog
131.897,Dog
869.5606,Dog
218.4761,Dog
308.9642,Dog
108.9995,Dog
106.8958,Dog
261.6042,Dog
129.4737,Dog
264.2219,Dog
626.3193,Dog
289.2505,Dog
108.045,Dog
106.1987,Dog
168.7045,Dog
205.0073,Dog
332.0357,Dog
108.024,Dog
146.8493,Dog
102.88,Dog
438.1848,Dog
302.4129,Dog
327.2197,Dog
118.5852,Dog
225.224,Dog
211.0734,Dog
218.708,Dog
257.5999,Dog
282.2898,Dog
107.4413,Dog
169.7821,Dog
201.5185,Dog
160.5589,Dog
389.8774,Dog
307.0538,Dog
136.0026,Dog
156.1455,Dog
118.2561,Dog
137.7473,Dog
156.3928,Dog
109.5719,Dog
240.8068,Dog
101.13,Dog
160.8241,Dog
139.9877,Dog
116.1632,Dog
222.2092,Dog
281.9375,Dog
180.1634,Dog
164.2283,Dog
421.3282,Dog
128.5796,Dog
134.3882,Dog
150.8258,Dog
201.2628,Dog
102.4721,Dog
292.4328,Dog
151.1244,Dog
177.2148,Dog
173.2356,Dog
134.7594,Dog
174.6956,Dog
235.2914,Dog
805.6501,Dog
112.0118,Dog
230.7147,Dog
262.4473,Dog
214.5937,Dog
338.5044,Dog
205.1794,Dog
113.6923,Dog
214.0069,Dog
389.4131,Dog
267.5973,Dog
151.2429,Dog
132.2407,Dog
169.2559,Dog
290.277,Dog
344.6042,Dog
124.5136,Dog
113.0684,Dog
179.7032,Dog
224.0686,Dog
469.7572,Dog
190.3986,Dog
235.7551,Dog
117.7472,Dog
104.2642,Dog
104.2706,Dog
147.3701,Dog
105.8891,Dog
127.2263,Dog
176.8585,Dog
146.5685,Dog
350.773,Dog
114.5018,Dog
462.3029,Dog
199.7116,Dog
166.0688,Dog
205.3982,Dog
112.0463,Dog
237.2725,Dog
101.159,Dog
114.6047,Dog
198.1775,Dog
105.111,Dog
136.3424,Dog
169.3883,Dog
205.7638,Dog
137.8681,Dog
238.0705,Dog
109.1068,Dog
106.3945,Dog
116.235,Dog
121.4411,Dog
126.0102,Dog
252.2072,Dog
101.1356,Dog
340.0871,Dog
176.0337,Dog
197.9271,Dog
101.7934,Dog
517.8113,Dog
110.9369,Dog
110.3441,Dog
124.3431,Dog
100.4044,Dog
197.5306,Dog
101.6521,Dog
174.697,Dog
118.2129,Dog
118.4078,Dog
118.8786,Dog
115.8735,Dog
235.5171,Dog
101.2753,Dog
160.8259,Dog
126.4158,Dog
121.2453,Dog
837.9474,Dog
146.3413,Dog
131.089,Dog
177.674,Dog
197.2619,Dog
514.782,Dog
100.2521,Dog
161.076,Dog
131.1109,Dog
112.1149,Dog
200.1226,Dog
345.9095,Dog
101.4906,Dog
132.9768,Dog
148.8761,Dog
166.4439,Dog
138.4323,Dog
622.7085,Dog
147.7771,Dog
133.858,Dog
251.65,Dog
100.0173,Dog
167.1268,Dog
175.8894,Dog
192.5928,Dog
151.4673,Dog
623.7403,Dog
218.33,Dog
205.0272,Dog
735.4236,Dog
144.7084,Dog
114.4883,Dog
101.8065,Dog
101.1292,Dog
144.8965,Dog
107.1106,Dog
113.0363,Dog
163.0631,Dog
103.5289,Dog
105.7748,Dog
305.875,Dog
131.7534,Dog
256.989,Dog
103.0327,Dog
178.812,Dog
178.0939,Dog
107.1134,Dog
153.8491,Dog
346.888,Dog
208.1347,Dog
121.3604,Dog
115.4937,Dog
105.844,Dog
105.4936,Dog
109.1997,Dog
115.9808,Dog
185.8043,Dog
116.5447,Dog
259.7488,Dog
115.1552,Dog
896.706,Dog
160.4284,Dog
117.3342,Dog
220.9269,Dog
153.8749,Dog
194.2113,Dog
215.2108,Dog
200.3589,Dog
208.5534,Dog
111.0409,Dog
105.0872,Dog
131.5959,Dog
366.56,Dog
447.215,Dog
214.6229,Dog
100.1586,Dog
224.2197,Dog
140.7068,Dog
303.7747,Dog
160.3632,Dog
133.1052,Dog
160.706,Dog
143.7255,Dog
131.6924,Dog
122.5264,Dog
176.5978,Dog
112.1389,Dog
319.2662,Dog
320.6305,Dog
291.0995,Dog
103.818,Dog
132.5414,Dog
131.9145,Dog
145.7976,Dog
172.5046,Dog
112.6063,Dog
291.5363,Dog
109.5036,Dog
112.2119,Dog
100.207,Dog
300.8949,Dog
123.9356,Dog
130.9077,Dog
192.7842,Dog
141.936,Dog
118.1537,Dog
114.4204,Dog
236.7389,Dog
125.0702,Dog
100.4537,Dog
110.679,Dog
426.2871,Dog
151.4856,Dog
145.7498,Dog
123.4758,Dog
239.801,Dog
341.4316,Dog
151.5185,Dog
120.4862,Dog
103.2296,Dog
108.2143,Dog
165.7542,Dog
104.7488,Dog
198.1046,Dog
130.4005,Dog
191.7216,Dog
110.2765,Dog
141.3818,Dog
141.5387,Dog
162.6059,Dog
421.7173,Dog
119.413,Dog
161.1203,Dog
194.0004,Dog
257.3915,Dog
377.3539,Dog
113.7554,Dog
1126.665,Dog
151.786,Dog
170.1853,Dog
187.8651,Dog
149.0425,Dog
195.6893,Dog
139.8598,Dog
418.0404,Dog
200.728,Dog
247.2966,Dog
267.4248,Dog
113.9477,Dog
231.7664,Dog
119.4288,Dog
228.5139,Dog
136.54,Dog
153.1861,Dog
478.7033,Dog
148.2558,Dog
405.0409,Dog
114.9631,Dog
207.6233,Dog
151.0201,Dog
144.1186,Dog
107.1297,Dog
142.5459,Dog
178.1292,Dog
109.602,Dog
105.5361,Dog
119.9468,Dog
194.8674,Dog
201.5162,Dog
298.4386,Dog
187.6549,Dog
103.6778,Dog
294.7331,Dog
143.2774,Dog
116.683,Dog
136.3683,Dog
100.8882,Dog
120.4534,Dog
100.4685,Dog
104.1925,Dog
187.8295,Dog
